Indicator,A,B,C,D
Cocaine (T40.5),296.5104166666667,711.4166666666666,277.64285714285717,50.16417910447761
Heroin (T40.1),317.1458333333333,696.1162790697674,292.6190476190476,127.125
"Natural, semi-synthetic, & synthetic opioids, incl. methadone (T40.2-T40.4)",788.5208333333334,1345.25,901.8095238095239,256.1111111111111
Number of Deaths,49725.55,53210.333333333336,67192.52222222222,45500.045454545456
Number of Drug Overdose Deaths,1616.6083333333333,1364.5757575757575,1502.8666666666666,944.1439393939394
Psychostimulants with abuse potential (T43.6),44.4,167.47916666666666,181.87654320987653,198.44444444444446
